url,title,subtitle,financial_lease_price,financial_lease_term,advertentienummer,merk,model,bouwjaar,km_stand,transmissie,prijs,brandstof,btw_marge,opties_accessoires,address,images
https://www.dtc-lease.nl/voorraad/1790110,Abarth 500,1.4 T-Jet Custom,"217,-",o.b.v. 72 mnd looptijd,,Abarth,500,2015,81000,Handgeschakeld,"11.690,-",Benzine,Marge,,Sittard,"https://cdn.dealertotaalconcept.nl/dtc-importer/products/1790110/17790115872-image1.webp,https://cdn.dealertotaalconcept.nl/dtc-importer/products/1790110/17790115873-image2.webp,https://cdn.dealertotaalconcept.nl/dtc-importer/products/1790110/17790115874-image3.webp,https://cdn.dealertotaalconcept.nl/dtc-importer/products/1790110/17790115875-image4.webp,https://cdn.dealertotaalconcept.nl/dtc-importer/products/1790110/17790115876-image5.webp,https://cdn.dealertotaalconcept.nl/dtc-importer/products/1790110/17790115877-image6.webp,https://cdn.dealertotaalconcept.nl/dtc-importer/products/1790110/17790115878-image7.webp,https://cdn.dealertotaalconcept.nl/dtc-importer/products/1790110/17790115879-image8.webp,https://cdn.dealertotaalconcept.nl/dtc-importer/products/1790110/17790115880-image9.webp,https://cdn.dealertotaalconcept.nl/dtc-importer/products/1790110/17790115881-image10.webp,https://cdn.dealertotaalconcept.nl/dtc-importer/products/1790110/17790115882-image11.webp,https://cdn.dealertotaalconcept.nl/dtc-importer/products/1790110/17790115883-image12.webp,https://cdn.dealertotaalconcept.nl/dtc-importer/products/1790110/17790115884-image13.webp,https://cdn.dealertotaalconcept.nl/dtc-importer/products/1790110/17790115885-image14.webp,https://cdn.dealertotaalconcept.nl/dtc-importer/products/1790110/17790115886-image15.webp,https://cdn.dealertotaalconcept.nl/dtc-importer/products/1790110/17790115887-image16.webp,https://cdn.dealertotaalconcept.nl/dtc-importer/products/1790110/17790115888-image17.webp,https://cdn.dealertotaalconcept.nl/dtc-importer/products/1790110/17790115889-image18.webp,https://cdn.dealertotaalconcept.nl/dtc-importer/products/1790110/17790115890-image19.webp"
https://www.dtc-lease.nl/voorraad/1654655,Abarth 595,CABRIO 1.4 T-JET NAV PDC CARPLAY CLIMA XENON JBL LMV,"352,-",o.b.v. 72 mnd looptijd,,Abarth,595,2018,55907,Handgeschakeld,"18.950,-",Benzine,Marge,,Deventer,"https://cdn.dealertotaalconcept.nl/dtc-importer/products/1654655/17086994529-image1.webp,https://cdn.dealertotaalconcept.nl/dtc-importer/products/1654655/17086994530-image2.webp,https://cdn.dealertotaalconcept.nl/dtc-importer/products/1654655/17086994531-image3.webp,https://cdn.dealertotaalconcept.nl/dtc-importer/products/1654655/17086994532-image4.webp,https://cdn.dealertotaalconcept.nl/dtc-importer/products/1654655/17086994533-image5.webp,https://cdn.dealertotaalconcept.nl/dtc-importer/products/1654655/17086994534-image6.webp,https://cdn.dealertotaalconcept.nl/dtc-importer/products/1654655/17086994535-image7.webp,https://cdn.dealertotaalconcept.nl/dtc-importer/products/1654655/17086994536-image8.webp,https://cdn.dealertotaalconcept.nl/dtc-importer/products/1654655/17086994537-image9.webp,https://cdn.dealertotaalconcept.nl/dtc-importer/products/1654655/17086994538-image10.webp,https://cdn.dealertotaalconcept.nl/dtc-importer/products/1654655/17086994539-image11.webp,https://cdn.dealertotaalconcept.nl/dtc-importer/products/1654655/17086994540-image12.webp,https://cdn.dealertotaalconcept.nl/dtc-importer/products/1654655/17086994541-image13.webp,https://cdn.dealertotaalconcept.nl/dtc-importer/products/1654655/17086994542-image14.webp,https://cdn.dealertotaalconcept.nl/dtc-importer/products/1654655/17086994543-image15.webp,https://cdn.dealertotaalconcept.nl/dtc-importer/products/1654655/17086994544-image16.webp,https://cdn.dealertotaalconcept.nl/dtc-importer/products/1654655/17086994545-image17.webp,https://cdn.dealertotaalconcept.nl/dtc-importer/products/1654655/17086994546-image18.webp,https://cdn.dealertotaalconcept.nl/dtc-importer/products/1654655/17086994547-image19.webp,https://cdn.dealertotaalconcept.nl/dtc-importer/products/1654655/17086994548-image20.webp"
https://www.dtc-lease.nl/voorraad/1808004,Abarth 500,1.4 T-Jet Abarth Elaborabile /Nieuwe APK,"240,-",o.b.v. 72 mnd looptijd,,Abarth,500,2014,96422,Handgeschakeld,"12.950,-",Benzine,Marge,,Nieuwkuijk,"https://cdn.dealertotaalconcept.nl/dtc-importer/products/1808004/17902163516-image1.webp,https://cdn.dealertotaalconcept.nl/dtc-importer/products/1808004/17902163517-image2.webp,https://cdn.dealertotaalconcept.nl/dtc-importer/products/1808004/17902163518-image3.webp,https://cdn.dealertotaalconcept.nl/dtc-importer/products/1808004/17902163519-image4.webp,https://cdn.dealertotaalconcept.nl/dtc-importer/products/1808004/17902163520-image5.webp,https://cdn.dealertotaalconcept.nl/dtc-importer/products/1808004/17902163521-image6.webp,https://cdn.dealertotaalconcept.nl/dtc-importer/products/1808004/17902163522-image7.webp,https://cdn.dealertotaalconcept.nl/dtc-importer/products/1808004/17902163523-image8.webp,https://cdn.dealertotaalconcept.nl/dtc-importer/products/1808004/17902163524-image9.webp,https://cdn.dealertotaalconcept.nl/dtc-importer/products/1808004/17902163525-image10.webp,https://cdn.dealertotaalconcept.nl/dtc-importer/products/1808004/17902163526-image11.webp,https://cdn.dealertotaalconcept.nl/dtc-importer/products/1808004/17902163527-image12.webp,https://cdn.dealertotaalconcept.nl/dtc-importer/products/1808004/17902163528-image13.webp,https://cdn.dealertotaalconcept.nl/dtc-importer/products/1808004/17902163529-image14.webp,https://cdn.dealertotaalconcept.nl/dtc-importer/products/1808004/17902163530-image15.webp,https://cdn.dealertotaalconcept.nl/dtc-importer/products/1808004/17902163531-image16.webp,https://cdn.dealertotaalconcept.nl/dtc-importer/products/1808004/17902163532-image17.webp,https://cdn.dealertotaalconcept.nl/dtc-importer/products/1808004/17902163533-image18.webp,https://cdn.dealertotaalconcept.nl/dtc-importer/products/1808004/17902163534-image19.webp"
https://www.dtc-lease.nl/voorraad/1819648,Abarth 595,1.4 T-Jet,"311,-",o.b.v. 72 mnd looptijd,,Abarth,595,2017,78569,Handgeschakeld,"16.750,-",Benzine,Marge,,Leende,"https://cdn.dealertotaalconcept.nl/dtc-importer/products/1819648/17946905950-image1.webp,https://cdn.dealertotaalconcept.nl/dtc-importer/products/1819648/17946905951-image2.webp,https://cdn.dealertotaalconcept.nl/dtc-importer/products/1819648/17946905952-image3.webp,https://cdn.dealertotaalconcept.nl/dtc-importer/products/1819648/17946905953-image4.webp,https://cdn.dealertotaalconcept.nl/dtc-importer/products/1819648/17946905954-image5.webp,https://cdn.dealertotaalconcept.nl/dtc-importer/products/1819648/17946905955-image6.webp,https://cdn.dealertotaalconcept.nl/dtc-importer/products/1819648/17946905956-image7.webp,https://cdn.dealertotaalconcept.nl/dtc-importer/products/1819648/17946905957-image8.webp,https://cdn.dealertotaalconcept.nl/dtc-importer/products/1819648/17946905958-image9.webp,https://cdn.dealertotaalconcept.nl/dtc-importer/products/1819648/17946905959-image10.webp,https://cdn.dealertotaalconcept.nl/dtc-importer/products/1819648/17946905960-image11.webp,https://cdn.dealertotaalconcept.nl/dtc-importer/products/1819648/17946905961-image12.webp,https://cdn.dealertotaalconcept.nl/dtc-importer/products/1819648/17946905962-image13.webp,https://cdn.dealertotaalconcept.nl/dtc-importer/products/1819648/17946905963-image14.webp,https://cdn.dealertotaalconcept.nl/dtc-importer/products/1819648/17946905964-image15.webp,https://cdn.dealertotaalconcept.nl/dtc-importer/products/1819648/17946905965-image16.webp,https://cdn.dealertotaalconcept.nl/dtc-importer/products/1819648/17946905966-image17.webp,https://cdn.dealertotaalconcept.nl/dtc-importer/products/1819648/17946905967-image18.webp,https://cdn.dealertotaalconcept.nl/dtc-importer/products/1819648/17946905968-image19.webp,https://cdn.dealertotaalconcept.nl/dtc-importer/products/1819648/17946905969-image20.webp,https://cdn.dealertotaalconcept.nl/dtc-importer/products/1819648/17946905970-image21.webp,https://cdn.dealertotaalconcept.nl/dtc-importer/products/1819648/17946905971-image22.webp,https://cdn.dealertotaalconcept.nl/dtc-importer/products/1819648/17946905972-image23.webp,https://cdn.dealertotaalconcept.nl/dtc-importer/products/1819648/17946905973-image24.webp,https://cdn.dealertotaalconcept.nl/dtc-importer/products/1819648/17946905974-image25.webp,https://cdn.dealertotaalconcept.nl/dtc-importer/products/1819648/17946905975-image26.webp,https://cdn.dealertotaalconcept.nl/dtc-importer/products/1819648/17946905976-image27.webp,https://cdn.dealertotaalconcept.nl/dtc-importer/products/1819648/17946905977-image28.webp,https://cdn.dealertotaalconcept.nl/dtc-importer/products/1819648/17946905978-image29.webp,https://cdn.dealertotaalconcept.nl/dtc-importer/products/1819648/17946905979-image30.webp"
https://www.dtc-lease.nl/voorraad/1666724,Abarth 500,1.4 T-Jet 595 Competizione 70th Anniversary,"426,-",o.b.v. 72 mnd looptijd,,Abarth,500,2019,53441,Handgeschakeld,"22.950,-",Benzine,Marge,,STAPHORST,"https://cdn.dealertotaalconcept.nl/dtc-importer/products/1666724/17150680474-image1.webp,https://cdn.dealertotaalconcept.nl/dtc-importer/products/1666724/17150680475-image2.webp,https://cdn.dealertotaalconcept.nl/dtc-importer/products/1666724/17150680476-image3.webp,https://cdn.dealertotaalconcept.nl/dtc-importer/products/1666724/17150680477-image4.webp,https://cdn.dealertotaalconcept.nl/dtc-importer/products/1666724/17150680478-image5.webp,https://cdn.dealertotaalconcept.nl/dtc-importer/products/1666724/17150680479-image6.webp,https://cdn.dealertotaalconcept.nl/dtc-importer/products/1666724/17150680480-image7.webp,https://cdn.dealertotaalconcept.nl/dtc-importer/products/1666724/17150680481-image8.webp,https://cdn.dealertotaalconcept.nl/dtc-importer/products/1666724/17150680482-image9.webp,https://cdn.dealertotaalconcept.nl/dtc-importer/products/1666724/17150680483-image10.webp,https://cdn.dealertotaalconcept.nl/dtc-importer/products/1666724/17150680484-image11.webp,https://cdn.dealertotaalconcept.nl/dtc-importer/products/1666724/17150680485-image12.webp,https://cdn.dealertotaalconcept.nl/dtc-importer/products/1666724/17150680486-image13.webp,https://cdn.dealertotaalconcept.nl/dtc-importer/products/1666724/17150680487-image14.webp,https://cdn.dealertotaalconcept.nl/dtc-importer/products/1666724/17150680488-image15.webp,https://cdn.dealertotaalconcept.nl/dtc-importer/products/1666724/17150680489-image16.webp,https://cdn.dealertotaalconcept.nl/dtc-importer/products/1666724/17150680490-image17.webp,https://cdn.dealertotaalconcept.nl/dtc-importer/products/1666724/17150680491-image18.webp,https://cdn.dealertotaalconcept.nl/dtc-importer/products/1666724/17150680492-image19.webp,https://cdn.dealertotaalconcept.nl/dtc-importer/products/1666724/17150680493-image20.webp,https://cdn.dealertotaalconcept.nl/dtc-importer/products/1666724/17150680494-image21.webp,https://cdn.dealertotaalconcept.nl/dtc-importer/products/1666724/17150680495-image22.webp,https://cdn.dealertotaalconcept.nl/dtc-importer/products/1666724/17150680496-image23.webp,https://cdn.dealertotaalconcept.nl/dtc-importer/products/1666724/17150680497-image24.webp,https://cdn.dealertotaalconcept.nl/dtc-importer/products/1666724/17150680498-image25.webp,https://cdn.dealertotaalconcept.nl/dtc-importer/products/1666724/17150680499-image26.webp,https://cdn.dealertotaalconcept.nl/dtc-importer/products/1666724/17150680500-image27.webp,https://cdn.dealertotaalconcept.nl/dtc-importer/products/1666724/17150680501-image28.webp,https://cdn.dealertotaalconcept.nl/dtc-importer/products/1666724/17150680502-image29.webp,https://cdn.dealertotaalconcept.nl/dtc-importer/products/1666724/17150680503-image30.webp"
https://www.dtc-lease.nl/voorraad/1772503,Abarth 500,1.4 T-Jet 595 Competizione Performance Pack,"457,-",o.b.v. 72 mnd looptijd,,Abarth,500,2021,67839,Handgeschakeld,"24.595,-",Benzine,Marge,,Haaksbergen,"https://cdn.dealertotaalconcept.nl/dtc-importer/products/1772503/17687899546-image1.webp,https://cdn.dealertotaalconcept.nl/dtc-importer/products/1772503/17687899547-image2.webp,https://cdn.dealertotaalconcept.nl/dtc-importer/products/1772503/17687899548-image3.webp,https://cdn.dealertotaalconcept.nl/dtc-importer/products/1772503/17687899549-image4.webp,https://cdn.dealertotaalconcept.nl/dtc-importer/products/1772503/17687899550-image5.webp,https://cdn.dealertotaalconcept.nl/dtc-importer/products/1772503/17687899551-image6.webp,https://cdn.dealertotaalconcept.nl/dtc-importer/products/1772503/17687899552-image7.webp,https://cdn.dealertotaalconcept.nl/dtc-importer/products/1772503/17687899553-image8.webp,https://cdn.dealertotaalconcept.nl/dtc-importer/products/1772503/17687899554-image9.webp,https://cdn.dealertotaalconcept.nl/dtc-importer/products/1772503/17687899555-image10.webp,https://cdn.dealertotaalconcept.nl/dtc-importer/products/1772503/17687899556-image11.webp,https://cdn.dealertotaalconcept.nl/dtc-importer/products/1772503/17687899557-image12.webp,https://cdn.dealertotaalconcept.nl/dtc-importer/products/1772503/17687899558-image13.webp,https://cdn.dealertotaalconcept.nl/dtc-importer/products/1772503/17687899559-image14.webp,https://cdn.dealertotaalconcept.nl/dtc-importer/products/1772503/17687899560-image15.webp,https://cdn.dealertotaalconcept.nl/dtc-importer/products/1772503/17687899561-image16.webp,https://cdn.dealertotaalconcept.nl/dtc-importer/products/1772503/17687899562-image17.webp,https://cdn.dealertotaalconcept.nl/dtc-importer/products/1772503/17687899563-image18.webp,https://cdn.dealertotaalconcept.nl/dtc-importer/products/1772503/17687899564-image19.webp,https://cdn.dealertotaalconcept.nl/dtc-importer/products/1772503/17687899565-image20.webp,https://cdn.dealertotaalconcept.nl/dtc-importer/products/1772503/17687899566-image21.webp,https://cdn.dealertotaalconcept.nl/dtc-importer/products/1772503/17687899567-image22.webp,https://cdn.dealertotaalconcept.nl/dtc-importer/products/1772503/17687899568-image23.webp,https://cdn.dealertotaalconcept.nl/dtc-importer/products/1772503/17687899569-image24.webp,https://cdn.dealertotaalconcept.nl/dtc-importer/products/1772503/17687899570-image25.webp,https://cdn.dealertotaalconcept.nl/dtc-importer/products/1772503/17687899571-image26.webp,https://cdn.dealertotaalconcept.nl/dtc-importer/products/1772503/17687899572-image27.webp,https://cdn.dealertotaalconcept.nl/dtc-importer/products/1772503/17687899573-image28.webp,https://cdn.dealertotaalconcept.nl/dtc-importer/products/1772503/17687899574-image29.webp,https://cdn.dealertotaalconcept.nl/dtc-importer/products/1772503/17687899575-image30.webp"
https://www.dtc-lease.nl/voorraad/1822179,Abarth 595,1.4 T-Jet 165PK Turismo,"409,-",o.b.v. 72 mnd looptijd,,Abarth,595,2018,35987,Handgeschakeld,"21.995,-",Benzine,Marge,,VEEN,"https://cdn.dealertotaalconcept.nl/dtc-importer/products/1822179/17963482663-image1.webp,https://cdn.dealertotaalconcept.nl/dtc-importer/products/1822179/17963482664-image2.webp,https://cdn.dealertotaalconcept.nl/dtc-importer/products/1822179/17963482665-image3.webp,https://cdn.dealertotaalconcept.nl/dtc-importer/products/1822179/17963482666-image4.webp,https://cdn.dealertotaalconcept.nl/dtc-importer/products/1822179/17963482667-image5.webp,https://cdn.dealertotaalconcept.nl/dtc-importer/products/1822179/17963482668-image6.webp,https://cdn.dealertotaalconcept.nl/dtc-importer/products/1822179/17963482669-image7.webp,https://cdn.dealertotaalconcept.nl/dtc-importer/products/1822179/17963482670-image8.webp,https://cdn.dealertotaalconcept.nl/dtc-importer/products/1822179/17963482671-image9.webp,https://cdn.dealertotaalconcept.nl/dtc-importer/products/1822179/17963482672-image10.webp,https://cdn.dealertotaalconcept.nl/dtc-importer/products/1822179/17963482673-image11.webp,https://cdn.dealertotaalconcept.nl/dtc-importer/products/1822179/17963482674-image12.webp,https://cdn.dealertotaalconcept.nl/dtc-importer/products/1822179/17963482675-image13.webp,https://cdn.dealertotaalconcept.nl/dtc-importer/products/1822179/17963482676-image14.webp,https://cdn.dealertotaalconcept.nl/dtc-importer/products/1822179/17963482677-image15.webp,https://cdn.dealertotaalconcept.nl/dtc-importer/products/1822179/17963482678-image16.webp,https://cdn.dealertotaalconcept.nl/dtc-importer/products/1822179/17963482679-image17.webp,https://cdn.dealertotaalconcept.nl/dtc-importer/products/1822179/17963482680-image18.webp,https://cdn.dealertotaalconcept.nl/dtc-importer/products/1822179/17963482681-image19.webp,https://cdn.dealertotaalconcept.nl/dtc-importer/products/1822179/17963482682-image20.webp,https://cdn.dealertotaalconcept.nl/dtc-importer/products/1822179/17963482683-image21.webp,https://cdn.dealertotaalconcept.nl/dtc-importer/products/1822179/17963482684-image22.webp,https://cdn.dealertotaalconcept.nl/dtc-importer/products/1822179/17963482685-image23.webp,https://cdn.dealertotaalconcept.nl/dtc-importer/products/1822179/17963482686-image24.webp,https://cdn.dealertotaalconcept.nl/dtc-importer/products/1822179/17963482687-image25.webp,https://cdn.dealertotaalconcept.nl/dtc-importer/products/1822179/17963482688-image26.webp,https://cdn.dealertotaalconcept.nl/dtc-importer/products/1822179/17963482689-image27.webp,https://cdn.dealertotaalconcept.nl/dtc-importer/products/1822179/17963482690-image28.webp,https://cdn.dealertotaalconcept.nl/dtc-importer/products/1822179/17963482691-image29.webp"
https://www.dtc-lease.nl/voorraad/1843090,Abarth 124 Spider,1.4 MultiAir Turbo 170pk I Lederen Bekleding I Black Edition | Bose Audio | Stoelverwarming,"631,-",o.b.v. 72 mnd looptijd,,Abarth,124 Spider,2019,54744,Handgeschakeld,"33.940,-",Benzine,Marge,,DOETINCHEM,"https://cdn.dealertotaalconcept.nl/dtc-importer/products/1843090/18162034053-image1.webp,https://cdn.dealertotaalconcept.nl/dtc-importer/products/1843090/18162034054-image2.webp,https://cdn.dealertotaalconcept.nl/dtc-importer/products/1843090/18162023661-image3.webp,https://cdn.dealertotaalconcept.nl/dtc-importer/products/1843090/18162023662-image4.webp,https://cdn.dealertotaalconcept.nl/dtc-importer/products/1843090/18162034055-image5.webp,https://cdn.dealertotaalconcept.nl/dtc-importer/products/1843090/18162034056-image6.webp,https://cdn.dealertotaalconcept.nl/dtc-importer/products/1843090/18162034057-image7.webp,https://cdn.dealertotaalconcept.nl/dtc-importer/products/1843090/18162034058-image8.webp,https://cdn.dealertotaalconcept.nl/dtc-importer/products/1843090/18162034059-image9.webp,https://cdn.dealertotaalconcept.nl/dtc-importer/products/1843090/18162034060-image10.webp,https://cdn.dealertotaalconcept.nl/dtc-importer/products/1843090/18162034061-image11.webp,https://cdn.dealertotaalconcept.nl/dtc-importer/products/1843090/18162034062-image12.webp,https://cdn.dealertotaalconcept.nl/dtc-importer/products/1843090/18125986438-image13.webp,https://cdn.dealertotaalconcept.nl/dtc-importer/products/1843090/18125986439-image14.webp,https://cdn.dealertotaalconcept.nl/dtc-importer/products/1843090/18125986440-image15.webp,https://cdn.dealertotaalconcept.nl/dtc-importer/products/1843090/18125986441-image16.webp,https://cdn.dealertotaalconcept.nl/dtc-importer/products/1843090/18125986442-image17.webp,https://cdn.dealertotaalconcept.nl/dtc-importer/products/1843090/18125986443-image18.webp,https://cdn.dealertotaalconcept.nl/dtc-importer/products/1843090/18125986444-image19.webp,https://cdn.dealertotaalconcept.nl/dtc-importer/products/1843090/18125986445-image20.webp,https://cdn.dealertotaalconcept.nl/dtc-importer/products/1843090/18125986446-image21.webp,https://cdn.dealertotaalconcept.nl/dtc-importer/products/1843090/18125986447-image22.webp,https://cdn.dealertotaalconcept.nl/dtc-importer/products/1843090/18125986448-image23.webp,https://cdn.dealertotaalconcept.nl/dtc-importer/products/1843090/18125986449-image24.webp,https://cdn.dealertotaalconcept.nl/dtc-importer/products/1843090/18125986450-image25.webp,https://cdn.dealertotaalconcept.nl/dtc-importer/products/1843090/18125986451-image26.webp,https://cdn.dealertotaalconcept.nl/dtc-importer/products/1843090/18125986452-image27.webp,https://cdn.dealertotaalconcept.nl/dtc-importer/products/1843090/18125986453-image28.webp,https://cdn.dealertotaalconcept.nl/dtc-importer/products/1843090/18125986454-image29.webp,https://cdn.dealertotaalconcept.nl/dtc-importer/products/1843090/18125986455-image30.webp"
https://www.dtc-lease.nl/voorraad/1608709,Abarth 595,Turismo *200Pk! Nieuwe all-season banden + velgen,"296,-",o.b.v. 72 mnd looptijd,,Abarth,595,2017,107497,,"15.940,-",Benzine,Marge,,HUIZEN,"https://cdn.dealertotaalconcept.nl/dtc-importer/products/1608709/16807743853-image1.webp,https://cdn.dealertotaalconcept.nl/dtc-importer/products/1608709/16807743854-image2.webp,https://cdn.dealertotaalconcept.nl/dtc-importer/products/1608709/16807743855-image3.webp,https://cdn.dealertotaalconcept.nl/dtc-importer/products/1608709/16807743856-image4.webp,https://cdn.dealertotaalconcept.nl/dtc-importer/products/1608709/16807743857-image5.webp,https://cdn.dealertotaalconcept.nl/dtc-importer/products/1608709/16807743858-image6.webp,https://cdn.dealertotaalconcept.nl/dtc-importer/products/1608709/16807743859-image7.webp,https://cdn.dealertotaalconcept.nl/dtc-importer/products/1608709/16807743860-image8.webp,https://cdn.dealertotaalconcept.nl/dtc-importer/products/1608709/16807743861-image9.webp,https://cdn.dealertotaalconcept.nl/dtc-importer/products/1608709/16807743862-image10.webp,https://cdn.dealertotaalconcept.nl/dtc-importer/products/1608709/16807743863-image11.webp,https://cdn.dealertotaalconcept.nl/dtc-importer/products/1608709/16807743864-image12.webp,https://cdn.dealertotaalconcept.nl/dtc-importer/products/1608709/16807743865-image13.webp,https://cdn.dealertotaalconcept.nl/dtc-importer/products/1608709/16807743866-image14.webp,https://cdn.dealertotaalconcept.nl/dtc-importer/products/1608709/16807743867-image15.webp,https://cdn.dealertotaalconcept.nl/dtc-importer/products/1608709/16807743868-image16.webp,https://cdn.dealertotaalconcept.nl/dtc-importer/products/1608709/16807743869-image17.webp,https://cdn.dealertotaalconcept.nl/dtc-importer/products/1608709/16807743870-image18.webp,https://cdn.dealertotaalconcept.nl/dtc-importer/products/1608709/16807743871-image19.webp,https://cdn.dealertotaalconcept.nl/dtc-importer/products/1608709/16807743872-image20.webp,https://cdn.dealertotaalconcept.nl/dtc-importer/products/1608709/16807743873-image21.webp,https://cdn.dealertotaalconcept.nl/dtc-importer/products/1608709/16807743874-image22.webp,https://cdn.dealertotaalconcept.nl/dtc-importer/products/1608709/16807743875-image23.webp,https://cdn.dealertotaalconcept.nl/dtc-importer/products/1608709/16807743876-image24.webp,https://cdn.dealertotaalconcept.nl/dtc-importer/products/1608709/16807743877-image25.webp,https://cdn.dealertotaalconcept.nl/dtc-importer/products/1608709/16807743878-image26.webp,https://cdn.dealertotaalconcept.nl/dtc-importer/products/1608709/16807743879-image27.webp,https://cdn.dealertotaalconcept.nl/dtc-importer/products/1608709/16807743880-image28.webp,https://cdn.dealertotaalconcept.nl/dtc-importer/products/1608709/16807743881-image29.webp,https://cdn.dealertotaalconcept.nl/dtc-importer/products/1608709/16807743882-image30.webp"
https://www.dtc-lease.nl/voorraad/1816874,Abarth 595,1.4 T-JET 180PK COMPETIZIONE (500),"538,-",o.b.v. 72 mnd looptijd,,Abarth,595,2021,35121,Handgeschakeld,"28.945,-",Benzine,Marge,,LEIDEN,"https://cdn.dealertotaalconcept.nl/dtc-importer/products/1816874/17930282911-image1.webp,https://cdn.dealertotaalconcept.nl/dtc-importer/products/1816874/17930435494-image2.webp,https://cdn.dealertotaalconcept.nl/dtc-importer/products/1816874/17930282913-image3.webp,https://cdn.dealertotaalconcept.nl/dtc-importer/products/1816874/17930282914-image4.webp,https://cdn.dealertotaalconcept.nl/dtc-importer/products/1816874/17930282915-image5.webp,https://cdn.dealertotaalconcept.nl/dtc-importer/products/1816874/17930282916-image6.webp,https://cdn.dealertotaalconcept.nl/dtc-importer/products/1816874/17930282917-image7.webp,https://cdn.dealertotaalconcept.nl/dtc-importer/products/1816874/17930282918-image8.webp,https://cdn.dealertotaalconcept.nl/dtc-importer/products/1816874/17930282919-image9.webp,https://cdn.dealertotaalconcept.nl/dtc-importer/products/1816874/17930282920-image10.webp,https://cdn.dealertotaalconcept.nl/dtc-importer/products/1816874/17930282921-image11.webp"
